Strain,Compound,Concentration (uM),Lab,Start Date,Experimenter,# deaths,# censored,Total worms,Mean,Std Error,KM median,Lower 95% CI,Upper 95% CI,25% Failures,75% Failures,Maximum
AF16,CTRL-H2O,0,DRISCOLL,3/8/19,16,38,12,50,23.5554,0.74758,24,21,26,20,26,35
AF16,CTRL-H2O,0,DRISCOLL,3/8/19,20,42,8,50,24.628,0.80177,24,21,28,21,28,38
AF16,CTRL-H2O,0,DRISCOLL,3/8/19,23,50,0,50,22.92,0.57131,24,21,24,19,26,33
AF16,CTRL-H2O,0,DRISCOLL,4/2/18,4,31,4,35,26.3529,0.84358,25,23,28,23,30,35
AF16,CTRL-H2O,0,DRISCOLL,4/2/18,16,30,5,35,26.3773,0.87257,28,23,30,23,30,35
AF16,CTRL-H2O,0,DRISCOLL,4/2/18,20,33,2,35,26.9893,0.8493,25,25,28,25,30,35
AF16,CTRL-H2O,0,DRISCOLL,8/8/16,24,32,3,35,25.4349,1.11806,28,21,28,21,28,39
AF16,CTRL-H2O,0,DRISCOLL,10/10/16,8,28,7,35,26.3774,1.00241,25,25,28,25,30,35
AF16,CTRL-H2O,0,DRISCOLL,11/7/16,20,35,0,35,25.1143,0.85972,25,23,28,23,28,37
AF16,CTRL-H2O,0,LITHGOW,4/22/19,7,40,6,46,21.4964,1.07944,21,18,23,14,28,37
AF16,CTRL-H2O,0,LITHGOW,4/22/19,15,14,22,36,24.5773,1.17176,28,23,28,23,28,30
AF16,CTRL-H2O,0,LITHGOW,4/22/19,18,31,10,41,26.9306,0.99925,28,25,30,23,32,35
AF16,CTRL-H2O,0,LITHGOW,5/3/19,7,44,2,46,24.4773,0.79206,25,24,26,21,28,40
AF16,CTRL-H2O,0,LITHGOW,5/3/19,15,31,13,44,24.7063,0.86946,25,21,25,21,26,35
AF16,CTRL-H2O,0,LITHGOW,5/3/19,18,37,9,46,24.2779,0.80462,24,21,26,21,28,35
AF16,CTRL-H2O,0,LITHGOW,7/22/19,7,38,2,40,21.0407,0.96899,21,18,23,16,25,35
AF16,CTRL-H2O,0,LITHGOW,7/22/19,15,23,17,40,20.9348,0.92544,21,18,23,18,23,37
AF16,CTRL-H2O,0,LITHGOW,7/22/19,18,38,6,44,24.7273,1.04738,23,21,28,21,30,28
AF16,CTRL-H2O,0,PHILLIPS,3/15/19,2,10,39,49,32.1627,1.39292,33,26,38,31,38,38
AF16,CTRL-H2O,0,PHILLIPS,3/15/19,5,9,33,42,25.3429,1.2769,26,21,31,21,26,31
AF16,CTRL-H2O,0,PHILLIPS,3/15/19,9,7,54,61,31.9543,1.48698,33,28,38,31,33,38
AF16,CTRL-H2O,0,PHILLIPS,3/22/19,2,16,34,50,28.7305,0.7457,31,26,31,26,31,33
AF16,CTRL-H2O,0,PHILLIPS,3/22/19,5,11,38,49,28.8587,0.93686,28,26,31,26,31,35
AF16,CTRL-H2O,0,PHILLIPS,3/22/19,9,14,35,49,31.9436,2.29399,31,26,42,24,42,45
AF16,CTRL-H2O,0,PHILLIPS,7/12/19,2,18,24,42,31.8681,1.30995,33,28,33,28,38,42
AF16,CTRL-H2O,0,PHILLIPS,7/12/19,5,17,34,51,25.0567,1.45126,26,21,31,21,31,33
AF16,CTRL-H2O,0,PHILLIPS,7/12/19,9,25,25,50,31.1741,0.91147,31,28,33,28,33,42
AF16,METFORMIN,100,DRISCOLL,4/2/18,4,27,8,35,24.9039,1.07079,25,21,28,21,30,35
AF16,METFORMIN,100,DRISCOLL,4/2/18,16,30,5,35,24.2021,0.79732,23,23,25,21,28,35
AF16,METFORMIN,100,DRISCOLL,4/2/18,20,29,6,35,25.4649,1.05286,25,23,25,23,28,37
AF16,METFORMIN,100,LITHGOW,7/22/19,7,39,7,46,20.2799,1.08199,23,18,23,14,25,37
AF16,METFORMIN,100,LITHGOW,7/22/19,15,22,18,40,23.7745,1.06018,25,21,28,21,28,32
AF16,METFORMIN,100,LITHGOW,7/22/19,18,35,4,39,24.3675,1.21166,25,21,28,18,28,35
AF16,METFORMIN,100,PHILLIPS,7/12/19,2,18,31,49,31.1727,0.9481,31,28,33,28,33,38
AF16,METFORMIN,100,PHILLIPS,7/12/19,5,19,31,50,30.037,1.22231,31,26,33,26,35,38
AF16,METFORMIN,100,PHILLIPS,7/12/19,9,11,39,50,29.6976,1.16259,31,26,33,28,33,35
AF16,METFORMIN,1000,DRISCOLL,4/2/18,4,30,5,35,22.1231,0.78863,21,21,23,18,25,32
AF16,METFORMIN,1000,DRISCOLL,4/2/18,16,29,6,35,25.1052,1.06398,25,23,28,21,30,39
AF16,METFORMIN,1000,DRISCOLL,4/2/18,20,31,4,35,24.345,0.81643,25,23,25,23,28,32
AF16,METFORMIN,1000,LITHGOW,7/22/19,7,34,11,45,23.559,0.97777,25,21,25,21,28,35
AF16,METFORMIN,1000,LITHGOW,7/22/19,15,30,10,40,22.1752,1.07533,23,21,25,18,28,32
AF16,METFORMIN,1000,LITHGOW,7/22/19,18,27,12,39,23.994,1.25546,23,21,28,18,28,35
AF16,METFORMIN,1000,PHILLIPS,7/12/19,2,10,40,50,35.2525,1.78201,35,31,42,31,42,42
AF16,METFORMIN,1000,PHILLIPS,7/12/19,5,19,31,50,31.7258,0.96858,33,31,35,31,35,38
AF16,METFORMIN,1000,PHILLIPS,7/12/19,9,15,35,50,30.3865,1.31061,31,26,35,26,35,38
AF16,METFORMIN,10000,DRISCOLL,4/2/18,4,25,10,35,23.5263,1.06468,23,21,28,21,28,35
AF16,METFORMIN,10000,DRISCOLL,4/2/18,16,29,6,35,25.5818,1.05466,28,23,28,21,30,39
AF16,METFORMIN,10000,DRISCOLL,4/2/18,20,32,3,35,22.2589,0.72982,21,21,23,18,25,32
AF16,METFORMIN,10000,LITHGOW,7/22/19,7,38,5,43,22.821,0.95573,23,21,25,18,25,37
AF16,METFORMIN,10000,LITHGOW,7/22/19,15,24,14,38,22.3448,0.93603,21,18,25,18,25,32
AF16,METFORMIN,10000,LITHGOW,7/22/19,18,30,10,40,23.3468,1.13246,23,21,25,18,28,35
AF16,METFORMIN,10000,PHILLIPS,7/12/19,2,9,40,49,20.1111,0.35924,,,,21,,24
AF16,METFORMIN,10000,PHILLIPS,7/12/19,5,28,20,48,27.8496,1.38728,28,24,33,19,33,42
AF16,METFORMIN,10000,PHILLIPS,7/12/19,9,22,27,49,26.6696,1.02284,26,24,31,24,31,38
AF16,METFORMIN,5000,DRISCOLL,4/2/18,4,25,10,35,22.7929,0.88945,23,21,28,18,28,30
AF16,METFORMIN,5000,DRISCOLL,4/2/18,16,30,5,35,25.1285,0.9878,25,21,28,21,30,35
AF16,METFORMIN,5000,DRISCOLL,4/2/18,20,28,7,35,24.9094,0.96311,25,21,28,21,30,35
AF16,METFORMIN,5000,LITHGOW,7/22/19,7,38,5,43,21.6984,1.00027,23,18,25,16,25,32
AF16,METFORMIN,5000,LITHGOW,7/22/19,15,25,17,42,22.405,0.84996,21,21,23,18,23,30
AF16,METFORMIN,5000,LITHGOW,7/22/19,18,26,9,35,23.8793,1.61603,25,18,28,16,30,39
AF16,METFORMIN,5000,PHILLIPS,7/12/19,2,13,37,50,33.3174,1.86046,33,31,35,31,35,47
AF16,METFORMIN,5000,PHILLIPS,7/12/19,5,28,30,58,27.5606,1.45334,28,26,31,24,33,42
AF16,METFORMIN,5000,PHILLIPS,7/12/19,9,16,33,49,28.0304,1.08733,28,26,31,26,31,35
AF16,METFORMIN,50000,DRISCOLL,3/8/19,16,40,10,50,22.5079,0.63234,24,21,24,19,26,31
AF16,METFORMIN,50000,DRISCOLL,3/8/19,20,39,11,50,22.6225,0.86613,24,19,26,19,28,31
AF16,METFORMIN,50000,DRISCOLL,3/8/19,23,47,3,50,21.5166,0.73611,24,19,24,19,24,33
AF16,METFORMIN,50000,DRISCOLL,8/8/16,24,32,3,35,23.2931,1.43269,23,16,28,16,30,42
AF16,METFORMIN,50000,DRISCOLL,10/10/16,8,24,12,36,24.9016,1.11451,25,21,28,21,28,35
AF16,METFORMIN,50000,DRISCOLL,11/7/16,20,19,16,35,22.1314,1.04271,25,18,25,18,25,28
AF16,METFORMIN,50000,LITHGOW,4/22/19,7,35,11,46,23.7695,1.01672,25,21,28,18,28,35
AF16,METFORMIN,50000,LITHGOW,4/22/19,15,28,12,40,21.7346,0.84711,23,18,25,18,25,30
AF16,METFORMIN,50000,LITHGOW,5/3/19,7,45,0,45,25.2667,0.74427,26,24,28,21,28,35
AF16,METFORMIN,50000,LITHGOW,5/3/19,15,36,9,45,23.6244,0.77671,25,21,25,21,26,33
AF16,METFORMIN,50000,LITHGOW,5/3/19,18,83,14,97,24.1648,0.5496,24,,,21,28,35
AF16,METFORMIN,50000,PHILLIPS,3/15/19,2,32,18,50,28.7331,1.39334,31,26,33,24,35,42
AF16,METFORMIN,50000,PHILLIPS,3/15/19,5,32,16,48,28.9593,1.56212,31,21,35,21,38,47
AF16,METFORMIN,50000,PHILLIPS,3/15/19,9,36,15,51,31.6154,1.61386,33,26,38,24,40,52
AF16,METFORMIN,50000,PHILLIPS,3/22/19,2,41,9,50,31.4701,1.30916,33,28,38,26,38,42
AF16,METFORMIN,50000,PHILLIPS,3/22/19,5,28,21,49,31.3384,1.27336,33,28,33,26,35,45
AF16,METFORMIN,50000,PHILLIPS,3/22/19,9,31,19,50,31.5909,1.39588,33,28,35,24,38,45
ED3092,CTRL-H2O,0,DRISCOLL,3/8/19,16,49,1,50,26.3284,0.67186,26,24,28,24,31,35
ED3092,CTRL-H2O,0,DRISCOLL,3/8/19,20,40,10,50,27.1426,0.70294,28,26,31,24,31,35
ED3092,CTRL-H2O,0,DRISCOLL,3/8/19,23,50,0,50,26.08,0.70788,26,24,26,24,28,45
ED3092,CTRL-H2O,0,DRISCOLL,4/2/18,4,29,6,35,26.8966,0.87006,28,25,28,23,30,35
ED3092,CTRL-H2O,0,DRISCOLL,4/2/18,16,28,7,35,26.6992,1.07107,28,23,30,23,32,39
ED3092,CTRL-H2O,0,DRISCOLL,4/2/18,23,35,0,35,28.5714,0.92699,30,28,30,28,32,35
ED3092,CTRL-H2O,0,LITHGOW,5/3/19,7,42,0,42,26.5714,0.98014,26,24,28,21,31,44
ED3092,CTRL-H2O,0,LITHGOW,5/3/19,15,23,22,45,27.2667,0.85373,25,25,28,25,31,38
ED3092,CTRL-H2O,0,LITHGOW,5/3/19,18,71,15,86,27.9491,0.70992,28,26,28,24,31,40
ED3092,CTRL-H2O,0,LITHGOW,5/10/19,7,42,3,45,20.1429,0.90973,19,17,21,17,24,35
ED3092,CTRL-H2O,0,LITHGOW,5/10/19,15,42,3,45,27.381,0.83891,26,26,28,24,31,39
ED3092,CTRL-H2O,0,LITHGOW,7/22/19,7,41,1,42,24.2012,0.68977,23,23,25,21,28,35
ED3092,CTRL-H2O,0,LITHGOW,7/22/19,15,26,17,43,27.4979,1.17446,28,23,28,23,32,39
ED3092,CTRL-H2O,0,LITHGOW,7/22/19,18,37,4,41,26.8621,0.88482,25,25,30,23,32,35
ED3092,CTRL-H2O,0,PHILLIPS,3/15/19,2,16,34,50,34.2152,1.99857,31,28,40,28,40,54
ED3092,CTRL-H2O,0,PHILLIPS,3/15/19,5,15,36,51,36.303,1.4395,38,31,40,31,40,45
ED3092,CTRL-H2O,0,PHILLIPS,3/15/19,9,5,41,46,33.8,3.44093,35,24,42,28,40,42
ED3092,CTRL-H2O,0,PHILLIPS,3/22/19,2,12,38,50,27.0286,2.42577,24,21,38,21,38,42
ED3092,CTRL-H2O,0,PHILLIPS,3/22/19,9,27,22,49,33.1856,1.37258,33,28,35,28,40,49
ED3092,CTRL-H2O,0,PHILLIPS,7/12/19,2,7,46,53,27.086,0.47797,,,,,,31
ED3092,CTRL-H2O,0,PHILLIPS,7/12/19,5,8,43,51,24.5155,0.59208,,,,26,,31
ED3092,CTRL-H2O,0,PHILLIPS,7/12/19,9,23,25,48,31.8333,1.41585,32,26,33,26,35,47
ED3092,METFORMIN,100,DRISCOLL,4/2/18,4,27,8,35,27.8665,1.33431,30,21,32,21,35,42
ED3092,METFORMIN,100,DRISCOLL,4/2/18,16,29,6,35,26.0816,0.88133,28,23,28,23,30,35
ED3092,METFORMIN,100,DRISCOLL,4/2/18,23,35,0,35,29.0857,1.20529,30,26,32,26,35,39
ED3092,METFORMIN,100,LITHGOW,7/22/19,7,41,3,44,27.4886,1.08637,28,25,32,23,32,39
ED3092,METFORMIN,100,LITHGOW,7/22/19,15,38,4,42,27.3136,0.86891,28,25,28,25,30,42
ED3092,METFORMIN,100,LITHGOW,7/22/19,18,36,5,41,28.5122,1.18296,28,25,32,25,35,39
ED3092,METFORMIN,100,PHILLIPS,7/12/19,2,31,30,61,35.546,1.23332,35,31,40,31,42,47
ED3092,METFORMIN,100,PHILLIPS,7/12/19,5,10,41,51,26.5086,0.65818,,28,,28,,31
ED3092,METFORMIN,100,PHILLIPS,7/12/19,9,5,46,51,19.8527,0.0991,,,,,,24
ED3092,METFORMIN,1000,DRISCOLL,4/2/18,4,31,4,35,28.2656,0.89575,28,28,30,25,32,37
ED3092,METFORMIN,1000,DRISCOLL,4/2/18,16,26,9,35,27.2672,1.05195,28,23,30,23,30,37
ED3092,METFORMIN,1000,DRISCOLL,4/2/18,23,35,0,35,26.2571,0.97217,28,25,28,23,30,39
ED3092,METFORMIN,1000,LITHGOW,7/22/19,7,40,3,43,29.35,0.87086,30,30,32,23,35,37
ED3092,METFORMIN,1000,LITHGOW,7/22/19,15,37,5,42,27.3368,1.04565,28,23,28,23,32,42
ED3092,METFORMIN,1000,LITHGOW,7/22/19,18,37,4,41,25.8121,0.96453,25,23,25,23,28,42
ED3092,METFORMIN,1000,PHILLIPS,7/12/19,5,9,42,51,26.2597,0.63454,,,,,,31
ED3092,METFORMIN,1000,PHILLIPS,7/12/19,9,36,17,53,34.1099,1.06696,33,33,38,28,38,47
ED3092,METFORMIN,10000,DRISCOLL,4/2/18,4,29,6,35,26.7931,0.79155,28,23,30,23,30,35
ED3092,METFORMIN,10000,DRISCOLL,4/2/18,16,29,6,35,30.8509,0.95262,30,28,35,28,35,42
ED3092,METFORMIN,10000,DRISCOLL,4/2/18,23,35,0,35,24.4286,0.95115,25,21,25,21,28,35
ED3092,METFORMIN,10000,LITHGOW,7/22/19,7,36,5,41,26.3206,1.02682,28,23,28,21,30,39
ED3092,METFORMIN,10000,LITHGOW,7/22/19,15,32,11,43,27.8543,1.05378,28,23,30,23,32,39
ED3092,METFORMIN,10000,LITHGOW,7/22/19,18,38,4,42,26.0355,0.9518,25,23,28,21,30,39
ED3092,METFORMIN,10000,PHILLIPS,7/12/19,2,11,39,50,26.7782,0.48905,,28,,28,,31
ED3092,METFORMIN,10000,PHILLIPS,7/12/19,9,15,35,50,27.0222,0.34038,,,,28,,31
ED3092,METFORMIN,5000,DRISCOLL,4/2/18,4,15,20,35,23.3242,0.42352,25,23,,21,,28
ED3092,METFORMIN,5000,DRISCOLL,4/2/18,16,30,5,35,25.8263,1.02715,23,23,28,21,30,37
ED3092,METFORMIN,5000,DRISCOLL,4/2/18,23,34,1,35,28.2286,0.98472,30,28,32,23,32,39
ED3092,METFORMIN,5000,LITHGOW,7/22/19,7,37,3,40,28.3629,1.01538,29,25,32,23,32,39
ED3092,METFORMIN,5000,LITHGOW,7/22/19,15,37,5,42,27.0712,0.82406,28,25,28,23,30,37
ED3092,METFORMIN,5000,LITHGOW,7/22/19,18,44,0,44,25.9773,1.03148,26.5,25,28,24,30,42
ED3092,METFORMIN,5000,PHILLIPS,7/12/19,2,8,42,50,27.0538,0.39896,,28,,28,,31
ED3092,METFORMIN,5000,PHILLIPS,7/12/19,5,18,47,65,26.0967,0.54078,,,,26,,31
ED3092,METFORMIN,5000,PHILLIPS,7/12/19,9,31,19,50,36.1714,1.24026,38,33,38,33,40,52
ED3092,METFORMIN,50000,DRISCOLL,3/8/19,16,39,11,50,23.3209,0.65395,24,21,24,21,26,33
ED3092,METFORMIN,50000,DRISCOLL,3/8/19,20,39,11,50,24.5209,0.60959,24,21,26,21,26,35
ED3092,METFORMIN,50000,DRISCOLL,3/8/19,23,50,0,50,23.48,0.52313,24,24,26,21,26,31
ED3092,METFORMIN,50000,LITHGOW,5/3/19,7,42,0,42,26.2381,0.84982,26,24,28,21,31,40
ED3092,METFORMIN,50000,LITHGOW,5/3/19,15,37,4,41,27.8868,0.93599,26,25,31,25,31,40
ED3092,METFORMIN,50000,LITHGOW,5/3/19,18,76,12,88,26.392,0.81769,26,21,28,21,33,42
ED3092,METFORMIN,50000,LITHGOW,5/10/19,7,39,4,43,19.8974,0.76424,19,17,21,17,24,33
ED3092,METFORMIN,50000,LITHGOW,5/10/19,15,31,11,42,27.6833,1.23572,28,24,31,21,33,39
ED3092,METFORMIN,50000,PHILLIPS,3/15/19,2,12,39,51,32.9893,2.73469,31,21,45,21,45,47
ED3092,METFORMIN,50000,PHILLIPS,3/15/19,5,25,18,43,33.3195,1.28798,33,31,38,26,40,49
ED3092,METFORMIN,50000,PHILLIPS,3/15/19,9,16,34,50,31.48,1.47731,31,26,38,26,38,40
ED3092,METFORMIN,50000,PHILLIPS,3/22/19,2,36,14,50,31.0608,0.99038,31,28,31,26,33,45
ED3092,METFORMIN,50000,PHILLIPS,3/22/19,5,22,28,50,28.2374,0.9424,28,24,31,24,31,38
ED3092,METFORMIN,50000,PHILLIPS,3/22/19,9,20,30,50,32.22,1.69458,31,26,33,26,35,47
HK104,CTRL-H2O,0,DRISCOLL,3/8/19,16,40,10,50,32.5183,0.69474,33,31,33,31,35,40
HK104,CTRL-H2O,0,DRISCOLL,3/8/19,20,44,6,50,29.7527,0.73909,31,28,33,26,35,35
HK104,CTRL-H2O,0,DRISCOLL,3/8/19,23,45,5,50,29.2977,0.68588,28,26,33,26,33,42
HK104,CTRL-H2O,0,DRISCOLL,4/2/18,4,34,1,35,34.8235,0.78927,35,32,35,32,37,44
HK104,CTRL-H2O,0,DRISCOLL,4/2/18,16,35,0,35,36.3429,0.88872,37,32,39,32,42,44
HK104,CTRL-H2O,0,DRISCOLL,4/2/18,24,10,10,20,21.4683,0.91201,23,18,23,18,23,25
HK104,CTRL-H2O,0,LITHGOW,4/22/19,7,34,7,41,33.796,1.35572,35,32,39,28,39,46
HK104,CTRL-H2O,0,LITHGOW,4/22/19,15,28,13,41,35.5017,1.29351,37,32,39,32,42,44
HK104,CTRL-H2O,0,LITHGOW,4/22/19,18,18,5,23,37.2601,1.15039,39,35,39,35,42,44
HK104,CTRL-H2O,0,LITHGOW,5/3/19,7,42,0,42,30.2857,1.24627,29.5,24,35,24,38,44
HK104,CTRL-H2O,0,LITHGOW,5/3/19,15,34,11,45,36.8265,0.99387,38,35,40,33,42,45
HK104,CTRL-H2O,0,LITHGOW,5/3/19,18,37,13,50,33.6286,1.09171,35,31,38,28,38,45
HK104,CTRL-H2O,0,LITHGOW,7/22/19,7,41,2,43,36.1628,1.20513,39,35,42,32,42,44
HK104,CTRL-H2O,0,LITHGOW,7/22/19,15,42,0,42,37.7381,1.0745,39,37,42,32,42,49
HK104,CTRL-H2O,0,LITHGOW,7/22/19,18,32,16,48,37.6029,1.30093,39,37,42,35,42,49
HK104,CTRL-H2O,0,PHILLIPS,3/15/19,2,23,27,50,44.484,1.51382,45,42,52,40,52,54
HK104,CTRL-H2O,0,PHILLIPS,3/15/19,5,33,22,55,44.9102,1.18885,45,40,49,38,52,59
HK104,CTRL-H2O,0,PHILLIPS,3/15/19,9,13,37,50,38.6154,2.02235,38,38,45,38,45,49
HK104,CTRL-H2O,0,PHILLIPS,3/22/19,2,23,27,50,37.204,1.48813,38,33,40,33,45,47
HK104,CTRL-H2O,0,PHILLIPS,3/22/19,5,20,29,49,39.6192,1.62503,38,35,47,35,47,49
HK104,CTRL-H2O,0,PHILLIPS,3/22/19,9,31,20,51,39.292,1.84878,40,38,47,33,47,56
HK104,CTRL-H2O,0,PHILLIPS,7/12/19,2,45,11,56,39.9288,1.81729,42,38,47,35,47,59
HK104,CTRL-H2O,0,PHILLIPS,7/12/19,5,25,24,49,37.1365,1.62925,38,33,42,33,42,52
HK104,METFORMIN,100,DRISCOLL,4/2/18,4,33,2,35,33.046,1.05238,35,30,35,30,37,46
HK104,METFORMIN,100,DRISCOLL,4/2/18,16,33,2,35,38.1367,1.36815,39,37,42,35,44,49
HK104,METFORMIN,100,DRISCOLL,4/2/18,24,7,11,18,22,0.84515,23,18,23,21,23,25
HK104,METFORMIN,100,LITHGOW,7/22/19,7,42,0,42,35.8095,1.41923,39,37,42,30,42,46
HK104,METFORMIN,100,LITHGOW,7/22/19,15,31,8,39,37.5775,1.35143,42,37,42,35,42,46
HK104,METFORMIN,100,LITHGOW,7/22/19,18,43,9,52,37.2227,0.9847,39,37,42,37,42,46
HK104,METFORMIN,100,PHILLIPS,7/12/19,2,6,44,50,23.0502,0.53158,,,,,,31
HK104,METFORMIN,100,PHILLIPS,7/12/19,5,37,10,47,42.5005,1.57586,42,40,45,38,49,59
HK104,METFORMIN,100,PHILLIPS,7/12/19,9,40,8,48,43.0339,1.60184,45,42,49,40,49,59
HK104,METFORMIN,1000,DRISCOLL,4/2/18,4,27,8,35,36.0292,0.98846,35,32,39,32,42,44
HK104,METFORMIN,1000,DRISCOLL,4/2/18,16,30,5,35,38.2575,1.22745,39,37,42,37,42,49
HK104,METFORMIN,1000,DRISCOLL,4/2/18,24,10,0,10,22.7,0.7,23,18,25,21,25,25
HK104,METFORMIN,1000,LITHGOW,7/22/19,7,40,2,42,37.7839,1.40158,42,39,42,35,44,46
HK104,METFORMIN,1000,LITHGOW,7/22/19,15,28,12,40,39.3562,1.28904,42,37,42,35,44,49
HK104,METFORMIN,1000,LITHGOW,7/22/19,18,53,1,54,34.4043,1.20983,37,35,39,32,39,46
HK104,METFORMIN,1000,PHILLIPS,7/12/19,2,35,15,50,40.9823,1.92373,45,40,47,38,47,56
HK104,METFORMIN,1000,PHILLIPS,7/12/19,5,30,23,53,41.4213,1.70576,45,35,47,35,47,59
HK104,METFORMIN,10000,DRISCOLL,4/2/18,4,31,4,35,33.5365,0.98674,35,32,37,30,37,42
HK104,METFORMIN,10000,DRISCOLL,4/2/18,16,33,2,35,36.1618,0.80648,37,35,37,35,39,42
HK104,METFORMIN,10000,DRISCOLL,4/2/18,24,9,1,10,20.5714,0.95007,21,16,23,18,23,23
HK104,METFORMIN,10000,LITHGOW,7/22/19,7,39,3,42,37.9845,1.10807,40.5,35,42,35,42,46
HK104,METFORMIN,10000,LITHGOW,7/22/19,15,37,5,42,39.6199,0.97691,42,39,42,37,42,49
HK104,METFORMIN,10000,LITHGOW,7/22/19,18,33,6,39,34.4372,1.45311,35,32,39,30,42,49
HK104,METFORMIN,10000,PHILLIPS,7/12/19,2,43,16,59,44.6224,1.59721,47,42,52,40,52,59
HK104,METFORMIN,10000,PHILLIPS,7/12/19,5,31,20,51,40.6669,1.812,42,35,47,35,49,59
HK104,METFORMIN,10000,PHILLIPS,7/12/19,9,30,17,47,40.2995,1.8038,45,38,45,31,47,54
HK104,METFORMIN,5000,DRISCOLL,4/2/18,16,32,3,35,38.4879,0.8713,37,35,39,35,42,49
HK104,METFORMIN,5000,DRISCOLL,4/2/18,24,6,1,7,23.3333,0.61464,23,21,25,23,25,25
HK104,METFORMIN,5000,LITHGOW,7/22/19,7,43,0,43,35.2791,1.36046,39,35,42,30,42,44
HK104,METFORMIN,5000,LITHGOW,7/22/19,15,35,7,42,38.7197,0.98839,39,37,42,35,42,49
HK104,METFORMIN,5000,LITHGOW,7/22/19,18,32,9,41,33.6821,1.28029,35,33,37,33,39,42
HK104,METFORMIN,5000,PHILLIPS,7/12/19,2,28,23,51,45.5381,1.40716,47,45,47,42,52,56
HK104,METFORMIN,5000,PHILLIPS,7/12/19,5,12,38,50,31.7229,1.10826,,,,35,,38
HK104,METFORMIN,5000,PHILLIPS,7/12/19,9,29,21,50,44.2835,2.13127,47,42,52,40,54,61
HK104,METFORMIN,50000,DRISCOLL,3/8/19,16,49,1,50,29.0971,1.08554,31,28,33,26,35,40
HK104,METFORMIN,50000,DRISCOLL,3/8/19,20,41,9,50,30.1079,0.96888,31,28,33,26,35,40
HK104,METFORMIN,50000,DRISCOLL,3/8/19,23,50,0,50,29.18,0.83382,31,26,31,26,33,40
HK104,METFORMIN,50000,LITHGOW,4/22/19,7,42,1,43,33.7472,1.17574,35,32,39,30,39,44
HK104,METFORMIN,50000,LITHGOW,4/22/19,15,34,5,39,38.6738,0.80106,39,36,42,36,42,44
HK104,METFORMIN,50000,LITHGOW,4/22/19,18,30,17,47,35.72,1.38572,37,32,42,32,42,49
HK104,METFORMIN,50000,LITHGOW,5/3/19,7,34,1,35,29.4118,1.5094,27,21,35,21,38,46
HK104,METFORMIN,50000,LITHGOW,5/3/19,15,25,19,44,33.9743,1.00119,35,33,38,31,38,40
HK104,METFORMIN,50000,LITHGOW,5/3/19,18,40,16,56,33.5074,1.11889,35,31,38,28,38,45
HK104,METFORMIN,50000,PHILLIPS,3/15/19,2,29,21,50,45.6404,1.54393,49,47,49,40,52,56
HK104,METFORMIN,50000,PHILLIPS,3/15/19,5,36,4,40,43.3365,1.39639,45,42,47,40,49,56
HK104,METFORMIN,50000,PHILLIPS,3/15/19,9,37,13,50,40.1269,1.7502,42,38,47,35,49,54
HK104,METFORMIN,50000,PHILLIPS,3/22/19,2,28,22,50,39.0719,2.10251,45,28,47,28,49,52
HK104,METFORMIN,50000,PHILLIPS,3/22/19,5,22,29,51,39.4811,1.47354,42,35,45,33,45,49
HK104,METFORMIN,50000,PHILLIPS,3/22/19,9,42,7,49,39.9915,1.65601,42,38,47,35,47,56
JU1373,CTRL-H2O,0,DRISCOLL,3/7/19,16,48,2,50,24.529,0.44031,25,25,27,22,27,29
JU1373,CTRL-H2O,0,DRISCOLL,3/7/19,20,46,4,50,25.1589,0.52413,27,25,27,25,27,29
JU1373,CTRL-H2O,0,DRISCOLL,3/7/19,23,50,0,50,23.22,0.5041,25,22,25,20,25,27
JU1373,CTRL-H2O,0,DRISCOLL,4/2/18,20,35,0,35,21.0857,0.76847,21,16,23,16,25,30
JU1373,CTRL-H2O,0,DRISCOLL,4/2/18,23,32,3,35,21.4387,0.76964,21,21,23,16,23,32
JU1373,CTRL-H2O,0,DRISCOLL,4/2/18,24,30,5,35,23.6,1.01777,23,21,25,18,28,35
JU1373,CTRL-H2O,0,DRISCOLL,8/8/16,24,34,1,35,24,0.59857,25,21,25,21,28,28
JU1373,CTRL-H2O,0,DRISCOLL,10/10/16,8,31,4,35,23.4397,0.86593,25,21,28,21,28,30
JU1373,CTRL-H2O,0,DRISCOLL,11/7/16,20,34,1,35,24.7152,0.76314,25,25,28,21,28,30
JU1373,CTRL-H2O,0,LITHGOW,4/22/19,7,40,2,42,24.0732,0.70777,25,23,28,21,28,32
JU1373,CTRL-H2O,0,LITHGOW,4/22/19,15,34,9,43,24.8815,0.52947,25,25,28,23,28,28
JU1373,CTRL-H2O,0,LITHGOW,4/22/19,18,32,7,39,23.0171,0.7402,23,23,25,21,25,28
JU1373,CTRL-H2O,0,LITHGOW,5/3/19,7,41,1,42,20.1587,0.71599,21,19,21,17,24,28
JU1373,CTRL-H2O,0,LITHGOW,5/3/19,15,29,16,45,24.9139,0.42236,25,25,26,25,26,28
JU1373,CTRL-H2O,0,LITHGOW,5/3/19,18,40,5,45,22.3422,0.50555,21,21,24,21,24,31
JU1373,CTRL-H2O,0,LITHGOW,7/7/19,7,42,0,42,23.5,0.89796,24,24,26,22,29,29
JU1373,CTRL-H2O,0,LITHGOW,7/7/19,15,36,2,38,25.0365,0.60583,26,24,26,24,26,29
JU1373,CTRL-H2O,0,LITHGOW,7/7/19,18,33,9,42,22.2723,0.63903,22,22,24,22,26,29
JU1373,CTRL-H2O,0,PHILLIPS,3/15/19,2,23,27,50,28.9158,0.92405,31,26,33,26,33,35
JU1373,CTRL-H2O,0,PHILLIPS,3/15/19,5,27,22,49,26.7827,0.75624,28,24,31,24,31,31
JU1373,CTRL-H2O,0,PHILLIPS,3/15/19,9,21,28,49,25.2631,0.73157,26,24,26,24,28,31
JU1373,CTRL-H2O,0,PHILLIPS,3/22/19,2,30,20,50,27.2916,0.71664,28,26,31,24,31,33
JU1373,CTRL-H2O,0,PHILLIPS,3/22/19,5,44,6,50,24.5735,0.78432,26,24,28,21,28,31
JU1373,CTRL-H2O,0,PHILLIPS,3/22/19,9,39,10,49,26.5259,0.6578,26,26,28,24,31,31
JU1373,CTRL-H2O,0,PHILLIPS,7/12/19,2,44,6,50,24.6428,0.6794,26,24,26,21,28,33
JU1373,CTRL-H2O,0,PHILLIPS,7/12/19,5,28,12,40,25.0488,1.2032,26,24,28,24,31,33
JU1373,CTRL-H2O,0,PHILLIPS,7/12/19,9,46,4,50,24.6948,0.63237,26,24,26,24,28,33
JU1373,METFORMIN,100,DRISCOLL,4/2/18,20,32,3,35,22.752,0.76812,23,21,25,21,25,30
JU1373,METFORMIN,100,DRISCOLL,4/2/18,23,28,7,35,21.4897,0.70581,21,21,23,18,23,32
JU1373,METFORMIN,100,DRISCOLL,4/2/18,24,33,2,35,23.5152,0.94058,23,21,25,18,28,32
JU1373,METFORMIN,100,LITHGOW,7/7/19,7,43,0,43,23.3721,0.68201,24,22,26,22,26,29
JU1373,METFORMIN,100,LITHGOW,7/7/19,15,36,4,40,25.4722,0.6255,26,24,26,24,29,31
JU1373,METFORMIN,100,LITHGOW,7/7/19,18,30,8,38,23.1898,0.89116,24,22,26,17,26,29
JU1373,METFORMIN,100,PHILLIPS,7/12/19,2,44,6,50,26.1847,0.7367,26,24,28,24,31,33
JU1373,METFORMIN,100,PHILLIPS,7/12/19,5,33,17,50,25.4692,0.72476,26,24,28,24,31,31
JU1373,METFORMIN,100,PHILLIPS,7/12/19,9,46,4,50,24.6235,0.59271,26,24,26,20,28,31
JU1373,METFORMIN,1000,DRISCOLL,4/2/18,20,34,1,35,24.5741,0.62402,25,23,25,23,28,30
JU1373,METFORMIN,1000,DRISCOLL,4/2/18,23,35,0,35,24.2857,0.64244,23,23,25,23,28,32
JU1373,METFORMIN,1000,DRISCOLL,4/2/18,24,33,2,35,22.697,0.77421,23,21,23,21,25,30
JU1373,METFORMIN,1000,LITHGOW,7/7/19,7,41,2,43,22.4088,0.81627,24,22,26,19,26,29
JU1373,METFORMIN,1000,LITHGOW,7/7/19,15,39,0,39,24.3333,0.82663,26,22,26,22,29,31
JU1373,METFORMIN,1000,LITHGOW,7/7/19,18,34,3,37,21.8713,0.84418,22,19,26,17,26,31
JU1373,METFORMIN,1000,PHILLIPS,7/12/19,2,42,7,49,26.1652,0.75263,28,24,31,24,31,31
JU1373,METFORMIN,1000,PHILLIPS,7/12/19,5,27,14,41,26.4782,0.94304,28,24,28,24,31,35
JU1373,METFORMIN,1000,PHILLIPS,7/12/19,9,36,15,51,26.0079,0.7275,26,26,28,24,28,35
JU1373,METFORMIN,10000,DRISCOLL,4/2/18,20,35,0,35,18.9714,0.49107,18,16,21,16,21,25
JU1373,METFORMIN,10000,DRISCOLL,4/2/18,23,33,2,35,19.4286,0.58791,21,16,21,16,23,25
JU1373,METFORMIN,10000,DRISCOLL,4/2/18,24,34,1,35,20.1909,0.79103,21,16,23,16,23,28
JU1373,METFORMIN,10000,LITHGOW,7/7/19,7,40,0,40,23.1,0.70055,24,22,26,19,26,29
JU1373,METFORMIN,10000,LITHGOW,7/7/19,15,39,1,40,22.0862,0.5908,22,22,24,22,24,26
JU1373,METFORMIN,10000,LITHGOW,7/7/19,18,39,2,41,21.3308,0.68846,24,19,24,17,24,26
JU1373,METFORMIN,10000,PHILLIPS,7/12/19,2,44,6,50,22.8407,0.79658,24,21,26,19,26,31
JU1373,METFORMIN,10000,PHILLIPS,7/12/19,5,45,5,50,22.3188,0.85756,24,19,26,17,26,38
JU1373,METFORMIN,10000,PHILLIPS,7/12/19,9,29,20,49,25.0355,0.6136,26,24,26,24,28,31
JU1373,METFORMIN,5000,DRISCOLL,4/2/18,20,35,0,35,20.9143,0.6356,21,21,23,16,23,28
JU1373,METFORMIN,5000,DRISCOLL,4/2/18,23,25,10,35,23.5085,0.78792,23,21,25,21,25,32
JU1373,METFORMIN,5000,DRISCOLL,4/2/18,24,31,4,35,22.305,0.84872,23,18,23,18,25,30
JU1373,METFORMIN,5000,LITHGOW,7/7/19,7,43,0,43,22.8605,0.8416,24,24,26,19,26,29
JU1373,METFORMIN,5000,LITHGOW,7/7/19,15,37,1,38,21.5205,0.58447,22,19,24,19,24,26
JU1373,METFORMIN,5000,LITHGOW,7/7/19,18,27,13,40,21.8986,0.72646,22,19,24,19,24,29
JU1373,METFORMIN,5000,PHILLIPS,7/12/19,2,45,5,50,25.0792,0.69064,26,21,28,21,28,33
JU1373,METFORMIN,5000,PHILLIPS,7/12/19,5,48,4,52,25.2364,0.77858,26,24,28,21,31,31
JU1373,METFORMIN,5000,PHILLIPS,7/12/19,9,42,8,50,24.3186,0.62892,24,24,26,24,28,31
JU1373,METFORMIN,50000,DRISCOLL,3/7/19,16,47,3,50,18.1003,0.44935,18,18,20,15,20,22
JU1373,METFORMIN,50000,DRISCOLL,3/7/19,20,44,6,50,19.136,0.61398,20,18,20,18,22,25
JU1373,METFORMIN,50000,DRISCOLL,3/7/19,23,50,0,50,18.54,0.54151,20,18,20,18,20,27
JU1373,METFORMIN,50000,DRISCOLL,8/8/16,24,26,9,35,19.8857,0.8826,21,16,25,16,25,25
JU1373,METFORMIN,50000,DRISCOLL,10/10/16,8,33,2,35,15.3968,0.61561,14,14,16,14,16,23
JU1373,METFORMIN,50000,DRISCOLL,11/7/16,20,33,2,35,16.6204,0.9584,14,14,21,11,23,28
JU1373,METFORMIN,50000,LITHGOW,4/22/19,7,38,3,41,23.7524,0.88589,25,23,28,21,28,32
JU1373,METFORMIN,50000,LITHGOW,4/22/19,15,37,6,43,23.8556,0.60694,25,23,25,21,28,30
JU1373,METFORMIN,50000,LITHGOW,5/3/19,7,39,3,42,21.4723,0.69635,21,19,24,19,24,31
JU1373,METFORMIN,50000,LITHGOW,5/3/19,15,43,2,45,23.7275,0.40666,25,,,21,25,28
JU1373,METFORMIN,50000,LITHGOW,5/3/19,18,81,19,100,21.9322,0.44348,21,21,24,19,24,31
JU1373,METFORMIN,50000,PHILLIPS,3/15/19,2,36,14,50,20.8611,0.78437,24,19,24,17,24,28
JU1373,METFORMIN,50000,PHILLIPS,3/15/19,5,37,12,49,21.7787,0.76028,24,21,24,19,26,28
JU1373,METFORMIN,50000,PHILLIPS,3/15/19,9,32,18,50,21.1201,0.7706,24,19,24,17,26,28
JU1373,METFORMIN,50000,PHILLIPS,3/22/19,2,44,6,50,20.7367,0.807,21,17,24,17,26,31
JU1373,METFORMIN,50000,PHILLIPS,3/22/19,5,42,6,48,20.665,0.83678,24,17,24,14,26,28
JU1373,METFORMIN,50000,PHILLIPS,3/22/19,9,32,19,51,21.8375,0.7843,24,21,24,19,24,31
JU1630,CTRL-H2O,0,DRISCOLL,3/7/19,16,45,5,50,25.4487,0.5519,27,25,27,25,27,32
JU1630,CTRL-H2O,0,DRISCOLL,3/7/19,20,42,8,50,25.7942,0.52309,25,25,27,25,27,32
JU1630,CTRL-H2O,0,DRISCOLL,3/7/19,23,50,0,50,26.86,0.47381,27,27,29,25,29,32
JU1630,CTRL-H2O,0,DRISCOLL,4/20/18,20,31,4,35,27.0559,0.46226,28,26,28,26,28,31
JU1630,CTRL-H2O,0,DRISCOLL,4/20/18,24,29,6,35,29.7774,1.00375,31,28,33,28,33,38
JU1630,CTRL-H2O,0,LITHGOW,4/22/19,7,36,6,42,22.7965,0.73414,23,21,25,21,25,30
JU1630,CTRL-H2O,0,LITHGOW,4/22/19,15,38,4,42,22.944,0.57572,23,21,25,21,25,30
JU1630,CTRL-H2O,0,LITHGOW,5/3/19,7,41,1,42,20.1587,0.71599,21,19,21,17,24,28
JU1630,CTRL-H2O,0,LITHGOW,5/3/19,15,35,10,45,23.1767,0.67186,25,21,25,21,25,31
JU1630,CTRL-H2O,0,LITHGOW,5/3/19,18,66,8,74,21.1779,0.4296,21,21,24,19,24,28
JU1630,CTRL-H2O,0,LITHGOW,7/7/19,7,40,2,42,22.7,0.33817,23,22,24,22,24,26
JU1630,CTRL-H2O,0,LITHGOW,7/7/19,15,33,7,40,23.7576,0.4013,24,24,26,22,26,26
JU1630,CTRL-H2O,0,LITHGOW,7/7/19,18,37,5,42,24.3535,0.58674,26,24,26,24,26,31
JU1630,CTRL-H2O,0,PHILLIPS,3/15/19,2,32,18,50,30.6552,0.68431,31,31,33,26,33,38
JU1630,CTRL-H2O,0,PHILLIPS,3/15/19,5,37,13,50,29.6216,0.49068,31,28,31,28,31,35
JU1630,CTRL-H2O,0,PHILLIPS,3/15/19,9,23,27,50,30.0842,0.8256,31,26,31,26,33,40
JU1630,CTRL-H2O,0,PHILLIPS,3/22/19,2,29,21,50,17,0,17,,,17,17,17
JU1630,CTRL-H2O,0,PHILLIPS,3/22/19,5,33,7,40,29.1051,0.75094,28,28,31,26,31,38
JU1630,CTRL-H2O,0,PHILLIPS,3/22/19,9,27,22,49,27.6012,0.73407,28,26,31,26,31,33
JU1630,CTRL-H2O,0,PHILLIPS,7/12/19,2,44,5,49,28.6815,0.99625,31,28,33,28,33,42
JU1630,CTRL-H2O,0,PHILLIPS,7/12/19,5,42,5,47,27.6331,0.72663,28,26,31,24,31,35
JU1630,CTRL-H2O,0,PHILLIPS,7/12/19,9,46,3,49,27.8084,0.46289,28,26,28,26,31,35
JU1630,METFORMIN,100,DRISCOLL,4/20/18,20,32,3,35,28.0625,0.40644,28,26,28,26,29.5,33
JU1630,METFORMIN,100,DRISCOLL,4/20/18,24,33,2,35,27.5009,1.16545,28,24,31,21,33,38
JU1630,METFORMIN,100,LITHGOW,7/7/19,7,34,6,40,23.5588,0.34864,24,22,24,22,24,29
JU1630,METFORMIN,100,LITHGOW,7/7/19,15,35,3,38,21.3189,0.66896,22,22,24,22,24,26
JU1630,METFORMIN,100,LITHGOW,7/7/19,18,37,3,40,24.8797,0.58427,26,24,26,24,26,29
JU1630,METFORMIN,100,PHILLIPS,7/12/19,2,42,7,49,30.5065,0.61766,31,28,31,28,33,42
JU1630,METFORMIN,100,PHILLIPS,7/12/19,5,37,14,51,31.2433,0.59955,31,31,33,31,33,38
JU1630,METFORMIN,100,PHILLIPS,7/12/19,9,47,4,51,29.3761,0.6425,31,28,31,26,31,40
JU1630,METFORMIN,1000,DRISCOLL,4/20/18,16,24,11,35,26.313,1.28077,26,21,31,21,33,35
JU1630,METFORMIN,1000,DRISCOLL,4/20/18,20,34,1,35,27.0882,0.50729,26,26,28,26,28,33
JU1630,METFORMIN,1000,LITHGOW,7/7/19,7,37,3,40,22.3043,0.61365,24,22,24,22,24,26
JU1630,METFORMIN,1000,LITHGOW,7/7/19,15,33,5,38,22.739,0.54119,22,22,24,22,24,29
JU1630,METFORMIN,1000,LITHGOW,7/7/19,18,23,15,38,22.4981,0.68448,22,22,24,22,24,31
JU1630,METFORMIN,1000,PHILLIPS,7/12/19,2,44,5,49,30.0672,0.76457,31,28,33,28,33,38
JU1630,METFORMIN,1000,PHILLIPS,7/12/19,5,24,23,47,30.6292,1.11611,31,31,33,28,33,40
JU1630,METFORMIN,1000,PHILLIPS,7/12/19,9,47,3,50,29.1277,0.69131,28,28,31,26,31,38
JU1630,METFORMIN,10000,DRISCOLL,4/20/18,20,30,5,35,25.815,0.42831,26,24,26,24,26,31
JU1630,METFORMIN,10000,DRISCOLL,4/20/18,24,32,3,35,23.5456,1.0401,24,21,26,21,28,33
JU1630,METFORMIN,10000,LITHGOW,7/7/19,7,40,2,42,22.5857,0.26469,22,,,22,24,26
JU1630,METFORMIN,10000,LITHGOW,7/7/19,15,36,2,38,21.75,0.32459,22,,,22,22,26
JU1630,METFORMIN,10000,LITHGOW,7/7/19,18,37,2,39,23.2263,0.3877,24,22,24,22,24,29
JU1630,METFORMIN,10000,PHILLIPS,7/12/19,2,42,4,46,26.9081,0.68174,26,26,28,24,31,40
JU1630,METFORMIN,10000,PHILLIPS,7/12/19,5,34,16,50,25.7712,0.86477,26,24,26,24,26,38
JU1630,METFORMIN,10000,PHILLIPS,7/12/19,9,46,3,49,26.0017,0.63637,26,,,24,28,33
JU1630,METFORMIN,5000,DRISCOLL,4/20/18,20,35,0,35,25.7714,0.59562,26,24,26,24,28,35
JU1630,METFORMIN,5000,DRISCOLL,4/20/18,24,25,10,35,26.28,1.33606,28,21,31,21,31,35
JU1630,METFORMIN,5000,LITHGOW,7/7/19,7,35,7,42,22,0.44344,22,22,24,22,24,24
JU1630,METFORMIN,5000,LITHGOW,7/7/19,15,31,3,34,20.6598,0.62961,22,,,19,22,24
JU1630,METFORMIN,5000,LITHGOW,7/7/19,18,35,4,39,20.3686,0.8841,22,15,24,15,24,29
JU1630,METFORMIN,5000,PHILLIPS,7/12/19,2,44,6,50,28.2557,0.65546,28,26,31,26,31,38
JU1630,METFORMIN,5000,PHILLIPS,7/12/19,5,45,5,50,27.311,0.78778,28,26,28,24,31,38
JU1630,METFORMIN,5000,PHILLIPS,7/12/19,9,21,19,40,28.1974,0.70742,28,26,28,26,28,35
JU1630,METFORMIN,50000,DRISCOLL,3/7/19,16,47,3,50,18.186,0.51104,18,18,20,18,20,27
JU1630,METFORMIN,50000,DRISCOLL,3/7/19,20,49,1,50,20.4,0.31435,20,20,22,20,22,25
JU1630,METFORMIN,50000,DRISCOLL,3/7/19,23,50,0,50,19.08,0.40491,20,18,20,18,20,25
JU1630,METFORMIN,50000,LITHGOW,4/22/19,7,41,2,43,24.5122,0.53548,25,23,25,23,28,30
JU1630,METFORMIN,50000,LITHGOW,4/22/19,15,33,7,40,24.1228,0.75721,25,23,28,21,28,30
JU1630,METFORMIN,50000,LITHGOW,4/22/19,18,43,2,45,23.9573,0.53338,25,23,25,23,25,32
JU1630,METFORMIN,50000,LITHGOW,5/3/19,7,39,3,42,21.4723,0.69635,21,19,24,19,24,31
JU1630,METFORMIN,50000,LITHGOW,5/3/19,15,34,11,45,22.224,0.57793,25,19,25,19,25,28
JU1630,METFORMIN,50000,LITHGOW,5/3/19,18,43,5,48,20.1429,0.65689,21,,,17,24,33
JU1630,METFORMIN,50000,PHILLIPS,3/15/19,2,43,7,50,22.4798,0.62819,24,21,24,21,24,33
JU1630,METFORMIN,50000,PHILLIPS,3/15/19,5,46,2,48,21.6304,0.54406,21,,,19,24,38
JU1630,METFORMIN,50000,PHILLIPS,3/15/19,9,48,2,50,22.7261,0.65536,24,21,24,19,24,31
JU1630,METFORMIN,50000,PHILLIPS,3/22/19,2,50,0,50,19.2,0.47208,19,19,21,17,21,26
JU1630,METFORMIN,50000,PHILLIPS,3/22/19,5,40,5,45,20.3903,0.64022,21,19,21,19,24,28
JU1630,METFORMIN,50000,PHILLIPS,3/22/19,9,47,2,49,20.7872,0.29791,21,19,21,19,21,24
JU775,CTRL-H2O,0,DRISCOLL,6/8/18,4,33,5,38,20.2344,0.79687,21,21,24,17,24,24
JU775,CTRL-H2O,0,DRISCOLL,6/8/18,16,34,1,35,21.9706,0.67352,24,21,24,18,24,31
JU775,CTRL-H2O,0,DRISCOLL,6/8/18,20,35,0,35,22.4,0.66383,24,21,25,18,25,28
JU775,CTRL-H2O,0,DRISCOLL,6/8/18,23,34,1,35,22.1471,0.80897,24,21,24,17,27,31
JU775,CTRL-H2O,0,DRISCOLL,6/18/18,4,39,6,45,22.3628,0.79445,21,21,23,21,24,35
JU775,CTRL-H2O,0,DRISCOLL,6/18/18,16,39,1,40,19.2083,1.00852,15,14,21,14,22,36
JU775,CTRL-H2O,0,DRISCOLL,6/18/18,20,40,0,40,21.7,1.04893,22,17,23,15,26.5,35
JU775,CTRL-H2O,0,DRISCOLL,6/18/18,23,35,0,35,20.2,0.94629,17,17,23,17,25,30
JU775,CTRL-H2O,0,DRISCOLL,8/20/18,4,33,17,50,18.352,0.6943,16,15,21,15,21,24
JU775,CTRL-H2O,0,DRISCOLL,8/20/18,16,32,18,50,16.6507,0.71033,16,15,18,15,21,23
JU775,CTRL-H2O,0,DRISCOLL,8/20/18,23,35,15,50,17.3429,0.76909,15,15,18,15,21,28
JU775,CTRL-H2O,0,LITHGOW,6/29/18,6,39,0,39,14.0256,0.51756,14,12,14,12,17,21
JU775,CTRL-H2O,0,LITHGOW,6/29/18,17,43,0,43,17.2326,0.78245,17,14,17,12,21,28
JU775,CTRL-H2O,0,LITHGOW,6/29/18,18,35,1,36,16.0444,0.83761,14,14,17,12,21,28
JU775,CTRL-H2O,0,LITHGOW,7/6/18,6,33,0,33,13.5758,0.62467,12,12,14,12,14,26
JU775,CTRL-H2O,0,LITHGOW,7/6/18,17,36,4,40,16.2316,0.76755,14,14,17,14,21,24
JU775,CTRL-H2O,0,LITHGOW,7/6/18,18,31,0,31,18.3226,0.77096,19,17,21,14,21,24
JU775,CTRL-H2O,0,LITHGOW,7/27/18,17,37,3,40,15.5946,0.62054,14,14,17,14,17,26
JU775,CTRL-H2O,0,LITHGOW,7/27/18,18,40,0,40,14.6,0.65711,14,12,14,12,15.5,28
JU775,CTRL-H2O,0,PHILLIPS,6/1/18,2,35,25,60,30.7143,1.4636,31,28,33,28,35,52
JU775,CTRL-H2O,0,PHILLIPS,6/1/18,5,26,33,59,25.7269,1.19346,26,24,31,19,31,33
JU775,CTRL-H2O,0,PHILLIPS,6/1/18,9,44,7,51,22.8715,1.16184,24,17,26,17,26,42
JU775,CTRL-H2O,0,PHILLIPS,6/4/18,2,57,0,57,24.7544,1.14086,25,18,28,18,32,49
JU775,CTRL-H2O,0,PHILLIPS,6/4/18,5,43,16,59,25.186,1.19674,28,21,28,18,30,42
JU775,CTRL-H2O,0,PHILLIPS,6/4/18,9,30,28,58,22.3,1.23749,23,16,25,16,28,35
JU775,CTRL-H2O,0,PHILLIPS,6/8/18,2,97,3,100,31.3072,0.90527,31,28,33,26,35,56
JU775,CTRL-H2O,0,PHILLIPS,6/8/18,9,31,28,59,27.3226,1.26779,28,26,31,24,31,45
JU775,CTRL-H2O,0,PHILLIPS,7/6/18,2,77,22,99,26.1042,0.73091,26,26,28,19,31,45
JU775,CTRL-H2O,0,PHILLIPS,7/20/18,2,46,4,50,26.8155,1.22424,26,24,31,19,33,47
JU775,METFORMIN,50000,DRISCOLL,6/8/18,4,35,3,38,24.4747,0.98368,24,21,28,21,28,38
JU775,METFORMIN,50000,DRISCOLL,6/8/18,16,34,1,35,22.8961,0.92323,24,21,24,21,25,35
JU775,METFORMIN,50000,DRISCOLL,6/8/18,20,35,0,35,25.2,0.5051,25,,,24,28,31
JU775,METFORMIN,50000,DRISCOLL,6/8/18,23,35,0,35,25.4571,0.8455,27,24,27,24,27,31
JU775,METFORMIN,50000,DRISCOLL,6/18/18,4,44,1,45,25.4091,0.93007,28,23,28,18,29,39
JU775,METFORMIN,50000,DRISCOLL,6/18/18,16,36,4,40,29.2222,1.15752,30,28,31,28,35,42
JU775,METFORMIN,50000,DRISCOLL,6/18/18,20,40,0,40,30.175,1.00441,30,28,32,25,35,39
JU775,METFORMIN,50000,DRISCOLL,6/18/18,23,35,0,35,20.5143,0.61134,21,17,21,17,23,28
JU775,METFORMIN,50000,DRISCOLL,8/20/18,4,35,15,50,20.5143,0.77065,21,18,21,16,25,28
JU775,METFORMIN,50000,DRISCOLL,8/20/18,16,34,16,50,22.3737,1.0182,23,18,25,15,28,32
JU775,METFORMIN,50000,DRISCOLL,8/20/18,23,35,15,50,24.8,0.72158,25,23,28,21,28,35
JU775,METFORMIN,50000,LITHGOW,6/29/18,6,37,2,39,16.2162,0.50691,17,14,19,14,19,21
JU775,METFORMIN,50000,LITHGOW,6/29/18,17,31,0,31,19.6129,1.10296,19,17,24,17,24,31
JU775,METFORMIN,50000,LITHGOW,6/29/18,18,34,4,38,17.9202,0.81511,19,17,19,14,19,26
JU775,METFORMIN,50000,LITHGOW,7/6/18,6,36,0,36,15.9722,0.79929,14,12,19,12,19,26
JU775,METFORMIN,50000,LITHGOW,7/6/18,17,31,1,32,18.7656,1.02009,20,12,21,12,24,28
JU775,METFORMIN,50000,LITHGOW,7/6/18,18,38,0,38,16.0263,0.88329,14,12,19,12,21,24
JU775,METFORMIN,50000,LITHGOW,7/27/18,17,39,1,40,17.2387,0.70211,17,14,19,14,21,28
JU775,METFORMIN,50000,LITHGOW,7/27/18,18,37,2,39,16.1419,0.93232,17,14,17,12,19,35
JU775,METFORMIN,50000,PHILLIPS,6/1/18,2,32,17,49,29.6402,0.88536,28,26,31,26,33,45
JU775,METFORMIN,50000,PHILLIPS,6/1/18,9,41,8,49,29.9643,0.87026,31,28,31,28,33,42
JU775,METFORMIN,50000,PHILLIPS,6/4/18,2,42,4,46,27.2678,1.03003,28,28,30,25,30,42
JU775,METFORMIN,50000,PHILLIPS,6/4/18,9,42,6,48,27.7907,0.99047,25,25,28,23,32,49
JU775,METFORMIN,50000,PHILLIPS,7/6/18,2,75,25,100,29.2944,0.69269,28,26,31,26,33,45
JU775,METFORMIN,50000,PHILLIPS,7/20/18,5,44,5,49,26.9149,1.1843,26,24,31,24,33,42
JU775,METFORMIN,50000,PHILLIPS,7/20/18,9,46,5,51,28.6808,1.23957,28,26,33,24,33,49
JU775,METFORMIN,70000,DRISCOLL,6/8/18,4,34,4,38,25.6077,0.86313,24,24,28,24,28,38
JU775,METFORMIN,70000,DRISCOLL,6/8/18,16,33,2,35,23.5588,0.73643,24,,,21,28,31
JU775,METFORMIN,70000,DRISCOLL,6/8/18,20,35,0,35,25.6286,0.55168,25,,,24,28,33
JU775,METFORMIN,70000,DRISCOLL,6/8/18,23,35,0,35,25.0286,0.79862,24,24,27,21,27,35
JU775,METFORMIN,70000,DRISCOLL,6/18/18,4,43,2,45,23.6977,0.77226,24,21,28,21,28,32
JU775,METFORMIN,70000,DRISCOLL,6/18/18,16,39,1,40,28.2964,0.9601,28,28,31,24,31,42
JU775,METFORMIN,70000,DRISCOLL,6/18/18,20,40,0,40,26.325,0.69926,26.5,25,28,23,30,35
JU775,METFORMIN,70000,DRISCOLL,6/18/18,23,35,0,35,22.6571,0.76251,23,21,25,21,25,32
JU775,METFORMIN,70000,DRISCOLL,8/20/18,4,35,15,50,22.5429,0.84748,24,21,25,18,25,30
JU775,METFORMIN,70000,DRISCOLL,8/20/18,16,33,17,50,21.0809,0.69329,21,18,23,18,25,28
JU775,METFORMIN,70000,DRISCOLL,8/20/18,23,69,31,100,19.8476,0.53367,21,18,21,18,23,32
JU775,METFORMIN,70000,LITHGOW,6/29/18,6,36,4,40,15.5481,0.71487,17,14,19,13,19,21
JU775,METFORMIN,70000,LITHGOW,6/29/18,17,31,4,35,20.6743,0.70976,19,19,21,19,24,33
JU775,METFORMIN,70000,LITHGOW,6/29/18,18,33,1,34,21.5976,0.84823,24,19,24,19,24,31
JU775,METFORMIN,70000,LITHGOW,7/6/18,6,33,2,35,17.0799,0.81336,17,14,19,14,19,24
JU775,METFORMIN,70000,LITHGOW,7/6/18,17,34,3,37,15.8314,0.90283,14,14,17,12,19,26
JU775,METFORMIN,70000,LITHGOW,7/6/18,18,38,0,38,19.7632,0.8189,19,19,21,17,24,33
JU775,METFORMIN,70000,LITHGOW,7/27/18,17,44,1,45,18.6085,0.64348,19,17,19,14,21,28
JU775,METFORMIN,70000,LITHGOW,7/27/18,18,37,0,37,17.973,0.83692,17,14,21,14,21,28
JU775,METFORMIN,70000,PHILLIPS,6/1/18,2,47,2,49,29.9771,0.66591,28,28,31,28,31,45
JU775,METFORMIN,70000,PHILLIPS,6/1/18,9,47,3,50,26.8786,0.85132,26,24,28,24,31,40
JU775,METFORMIN,70000,PHILLIPS,6/4/18,2,44,4,48,27.5017,0.86105,28,,,25,28,46
JU775,METFORMIN,70000,PHILLIPS,6/4/18,5,42,6,48,27.5486,1.03542,28,25,30,25,30,42
JU775,METFORMIN,70000,PHILLIPS,6/4/18,9,35,17,52,25.6768,0.8095,25,23,28,23,28,35
JU775,METFORMIN,70000,PHILLIPS,6/8/18,2,65,35,100,33.4399,0.80162,33,31,33,31,35,54
JU775,METFORMIN,70000,PHILLIPS,6/8/18,5,36,14,50,33.0074,1.26072,35,31,38,31,38,45
JU775,METFORMIN,70000,PHILLIPS,6/8/18,9,48,2,50,32.1854,1.00824,31,31,35,28,38,42
JU775,METFORMIN,70000,PHILLIPS,7/6/18,2,81,9,90,27.4248,0.72901,26,24,28,24,31,45
JU775,METFORMIN,70000,PHILLIPS,7/20/18,5,37,13,50,27.6914,1.42276,26,24,31,21,38,45
JU775,METFORMIN,70000,PHILLIPS,7/20/18,9,46,3,49,29.4167,1.41738,26,26,31,24,35,56
MY16,CTRL-H2O,0,DRISCOLL,6/8/18,4,34,4,38,16.4295,0.60637,17,14,17,14,18,24
MY16,CTRL-H2O,0,DRISCOLL,6/8/18,16,35,0,35,18.4571,0.7349,18,17,21,14,21,24
MY16,CTRL-H2O,0,DRISCOLL,6/8/18,20,35,0,35,19.3143,0.66202,18,17,21,17,24,25
MY16,CTRL-H2O,0,DRISCOLL,6/8/18,23,35,0,35,20.3143,0.71921,21,18,21,17,24,31
MY16,CTRL-H2O,0,DRISCOLL,6/18/18,4,44,1,45,16.0909,0.42988,14,14,18,14,18,23
MY16,CTRL-H2O,0,DRISCOLL,6/18/18,16,37,3,40,16.849,0.5571,15,14,17,14,21,24
MY16,CTRL-H2O,0,DRISCOLL,6/18/18,20,40,0,40,18.575,0.55225,17,16,21,16,21,25
MY16,CTRL-H2O,0,DRISCOLL,6/18/18,23,35,0,35,17.4857,0.55211,17,,,14,21,23
MY16,CTRL-H2O,0,DRISCOLL,8/20/18,4,33,17,50,17.6722,0.59759,18,15,21,15,21,24
MY16,CTRL-H2O,0,DRISCOLL,8/20/18,16,35,15,50,15.6857,0.5133,15,,,15,18,21
MY16,CTRL-H2O,0,DRISCOLL,8/20/18,23,34,16,50,16.983,0.54236,15,15,18,15,21,23
MY16,CTRL-H2O,0,DRISCOLL,10/10/16,8,34,1,35,24.0675,0.48542,23,23,25,23,25,28
MY16,CTRL-H2O,0,DRISCOLL,11/7/16,20,35,0,35,21.8,0.72622,23,21,23,21,25,28
MY16,CTRL-H2O,0,LITHGOW,6/29/18,6,35,4,39,12.9668,0.36674,14,12,14,12,14,19
MY16,CTRL-H2O,0,LITHGOW,6/29/18,17,22,0,22,15.2727,0.60008,14,12,17,12,17,21
MY16,CTRL-H2O,0,LITHGOW,6/29/18,18,36,0,36,14.5833,0.48856,14,14,17,12,17,19
MY16,CTRL-H2O,0,LITHGOW,7/6/18,6,33,7,40,13.0984,0.42631,12,12,14,12,14,19
MY16,CTRL-H2O,0,LITHGOW,7/6/18,17,38,6,44,14.8166,0.51014,14,12,14,12,17,21
MY16,CTRL-H2O,0,LITHGOW,7/6/18,18,30,4,34,13.5498,0.58212,14,12,14,12,14,19
MY16,CTRL-H2O,0,LITHGOW,7/27/18,6,37,5,42,15.0134,0.42792,14,14,17,14,17,21
MY16,CTRL-H2O,0,LITHGOW,7/27/18,17,42,2,44,14.9128,0.40404,14,,,14,17,24
MY16,CTRL-H2O,0,LITHGOW,7/27/18,18,41,0,41,15.0732,0.55259,14,14,17,14,17,24
MY16,CTRL-H2O,0,PHILLIPS,6/1/18,5,35,25,60,21.6653,0.81501,24,19,24,17,26,33
MY16,CTRL-H2O,0,PHILLIPS,6/1/18,9,51,10,61,19.6457,0.57316,21,17,21,17,24,26
MY16,CTRL-H2O,0,PHILLIPS,6/4/18,2,47,9,56,23.6412,0.62151,25,23,25,21,28,28
MY16,CTRL-H2O,0,PHILLIPS,6/4/18,5,30,20,50,21.6908,0.92418,23,21,25,18,25,28
MY16,CTRL-H2O,0,PHILLIPS,6/4/18,9,54,6,60,20.8157,0.55277,21,21,23,18,23,30
MY16,CTRL-H2O,0,PHILLIPS,7/6/18,2,88,10,98,22.0226,0.45184,24,,,17,24,31
MY16,CTRL-H2O,0,PHILLIPS,7/20/18,5,42,7,49,21.2495,0.61277,21,21,24,17,24,28
MY16,CTRL-H2O,0,PHILLIPS,7/20/18,9,44,4,48,19.11,0.60294,19,17,21,17,24,24
MY16,METFORMIN,50000,DRISCOLL,6/8/18,4,29,9,38,19.7582,0.66743,21,18,21,18,21,24
MY16,METFORMIN,50000,DRISCOLL,6/8/18,16,35,0,35,23.3429,0.66097,24,,,21,24,31
MY16,METFORMIN,50000,DRISCOLL,6/8/18,20,35,0,35,23,0.56806,24,,,21,25,28
MY16,METFORMIN,50000,DRISCOLL,6/8/18,23,35,0,35,25.5429,0.71284,27,24,27,21,27,31
MY16,METFORMIN,50000,DRISCOLL,6/18/18,4,38,7,45,22.4737,0.47668,23,21,23,21,24,30
MY16,METFORMIN,50000,DRISCOLL,6/18/18,16,40,0,40,22.025,0.57344,22,21,22,21,24,31
MY16,METFORMIN,50000,DRISCOLL,6/18/18,20,40,0,40,22.25,0.69407,23,21,23,21,25,30
MY16,METFORMIN,50000,DRISCOLL,6/18/18,23,35,0,35,21.7714,0.64961,21,21,23,21,23,30
MY16,METFORMIN,50000,DRISCOLL,8/20/18,16,32,18,50,22.5933,0.82527,23,21,25,21,25,30
MY16,METFORMIN,50000,DRISCOLL,8/20/18,23,30,20,50,24.8,0.64398,25,23,28,23,28,30
MY16,METFORMIN,50000,DRISCOLL,10/10/16,8,22,13,35,21.3293,1.12288,23,16,25,14,25,28
MY16,METFORMIN,50000,DRISCOLL,11/7/16,20,32,3,35,26.4055,0.6969,28,25,30,23,30,32
MY16,METFORMIN,50000,LITHGOW,6/29/18,6,31,0,31,13.9677,0.37812,14,,,12,14,21
MY16,METFORMIN,50000,LITHGOW,6/29/18,17,14,21,35,15.7143,1.05575,17,12,19,12,19,21
MY16,METFORMIN,50000,LITHGOW,6/29/18,18,33,2,35,16.2571,0.6914,17,12,19,12,19,24
MY16,METFORMIN,50000,LITHGOW,7/6/18,6,31,7,38,14.4444,0.35413,14,,,13,17,19
MY16,METFORMIN,50000,LITHGOW,7/6/18,17,28,12,40,17.0357,0.80587,17,14,19,14,19,26
MY16,METFORMIN,50000,LITHGOW,7/6/18,18,35,1,36,14.358,0.5136,14,12,17,12,17,19
MY16,METFORMIN,50000,LITHGOW,7/27/18,6,35,3,38,16.7617,0.62677,17,14,19,14,19,24
MY16,METFORMIN,50000,LITHGOW,7/27/18,17,18,22,40,17.1719,0.9939,17,14,19,14,19,24
MY16,METFORMIN,50000,LITHGOW,7/27/18,18,40,0,40,14.55,0.68776,13,12,14,12,18,24
MY16,METFORMIN,50000,PHILLIPS,6/1/18,2,43,7,50,26.0136,0.4999,26,26,28,24,28,33
MY16,METFORMIN,50000,PHILLIPS,6/1/18,5,33,17,50,26.7262,0.82284,26,24,28,24,31,33
MY16,METFORMIN,50000,PHILLIPS,6/1/18,9,9,37,46,20.6206,0.21607,,,,,,24
MY16,METFORMIN,50000,PHILLIPS,7/6/18,2,26,24,50,26.6008,0.65185,26,26,28,26,28,33
MY16,METFORMIN,50000,PHILLIPS,7/20/18,5,18,32,50,21.3125,0.59742,21,19,24,19,24,24
MY16,METFORMIN,50000,PHILLIPS,7/20/18,9,30,18,48,20.5856,0.76404,21,17,24,17,24,28
MY16,METFORMIN,70000,DRISCOLL,6/8/18,4,31,7,38,22.0968,0.68526,24,21,24,18,24,28
MY16,METFORMIN,70000,DRISCOLL,6/8/18,16,34,1,35,21.6471,0.7645,24,21,24,21,24,33
MY16,METFORMIN,70000,DRISCOLL,6/8/18,20,34,1,35,23.0294,0.57656,24,21,24,21,25,31
MY16,METFORMIN,70000,DRISCOLL,6/8/18,23,35,0,35,23.8571,0.58143,24,,,21,27,33
MY16,METFORMIN,70000,DRISCOLL,6/18/18,4,29,16,45,21.8621,0.48557,23,21,23,21,23,28
MY16,METFORMIN,70000,DRISCOLL,6/18/18,16,40,0,40,22.65,0.6627,21.5,21,22,21,24,35
MY16,METFORMIN,70000,DRISCOLL,6/18/18,20,40,0,40,24.1,0.66003,24,23,25,22,25,35
MY16,METFORMIN,70000,DRISCOLL,6/18/18,23,35,0,35,21.9714,0.61969,21,21,23,21,23,30
MY16,METFORMIN,70000,DRISCOLL,8/20/18,4,35,15,50,22.5429,0.5175,24,21,24,21,24,28
MY16,METFORMIN,70000,DRISCOLL,10/10/16,8,24,11,35,24.3574,0.98936,28,21,28,21,28,28
MY16,METFORMIN,70000,DRISCOLL,11/7/16,20,29,6,35,26.3389,0.92904,28,23,30,21,30,32
MY16,METFORMIN,70000,LITHGOW,6/29/18,6,36,0,36,14.8889,0.5729,14,12,17,12,17,24
MY16,METFORMIN,70000,LITHGOW,6/29/18,17,35,3,38,17.5185,0.57058,17,17,19,14,19,26
MY16,METFORMIN,70000,LITHGOW,6/29/18,18,35,2,37,16.2054,0.71406,17,,,12,19,24
MY16,METFORMIN,70000,LITHGOW,7/6/18,6,30,5,35,15.892,0.58431,17,14,17,14,17,24
MY16,METFORMIN,70000,LITHGOW,7/6/18,17,38,6,44,19.5391,0.79228,19,17,19,17,24,31
MY16,METFORMIN,70000,LITHGOW,7/6/18,18,36,0,36,15.3333,0.75803,15.5,12,17,12,19,24
MY16,METFORMIN,70000,LITHGOW,7/27/18,6,39,2,41,19.7008,0.69515,21,17,21,17,24,31
MY16,METFORMIN,70000,LITHGOW,7/27/18,17,41,0,41,17.9512,0.70965,19,17,19,14,21,31
MY16,METFORMIN,70000,PHILLIPS,6/1/18,2,36,13,49,25.2778,0.65418,24,24,26,24,26,38
MY16,METFORMIN,70000,PHILLIPS,6/1/18,5,46,3,49,23.6313,0.6511,24,24,26,24,26,33
MY16,METFORMIN,70000,PHILLIPS,6/1/18,9,40,10,50,23.8855,0.50765,24,,,21,26,33
MY16,METFORMIN,70000,PHILLIPS,6/4/18,2,35,15,50,23.6511,0.89592,25,23,25,21,28,32
MY16,METFORMIN,70000,PHILLIPS,6/4/18,5,24,23,47,23.4147,1.18788,25,23,28,23,28,30
MY16,METFORMIN,70000,PHILLIPS,6/4/18,9,32,9,41,23.9601,0.91508,25,21,25,21,28,32
MY16,METFORMIN,70000,PHILLIPS,7/6/18,2,81,16,97,26.7737,0.5261,26,26,28,24,28,45
MY16,METFORMIN,70000,PHILLIPS,7/20/18,5,41,8,49,23.8516,0.81027,26,24,26,21,26,33
MY16,METFORMIN,70000,PHILLIPS,7/20/18,9,44,2,46,23.9463,0.85446,26,24,26,21,28,31
N2_PD1073,CTRL-H2O,0,DRISCOLL,6/8/18,4,34,4,38,19.4659,0.73253,21,17,21,17,24,28
N2_PD1073,CTRL-H2O,0,DRISCOLL,6/8/18,16,31,4,35,20.4837,0.70166,21,18,24,17,24,25
N2_PD1073,CTRL-H2O,0,DRISCOLL,6/8/18,20,35,0,35,21.2286,0.57407,21,18,24,18,25,25
N2_PD1073,CTRL-H2O,0,DRISCOLL,6/8/18,23,35,0,35,20.6286,0.50889,21,,,18,24,24
N2_PD1073,CTRL-H2O,0,DRISCOLL,6/18/18,4,43,2,45,15.7442,0.46122,14,14,18,14,18,23
N2_PD1073,CTRL-H2O,0,DRISCOLL,6/18/18,16,40,0,40,16.75,0.56699,15,14,17,14,21,28
N2_PD1073,CTRL-H2O,0,DRISCOLL,6/18/18,20,40,0,40,18.45,0.57284,17,16,21,15,21,25
N2_PD1073,CTRL-H2O,0,DRISCOLL,6/18/18,23,35,0,35,16.7714,0.56966,17,14,17,14,17,23
N2_PD1073,CTRL-H2O,0,DRISCOLL,8/8/16,24,33,2,35,20.1515,0.80613,21,16,23,16,25,28
N2_PD1073,CTRL-H2O,0,DRISCOLL,8/20/18,4,30,20,50,15.8485,0.63735,16,15,18,11,18,21
N2_PD1073,CTRL-H2O,0,DRISCOLL,8/20/18,16,29,21,50,15.2291,0.55528,15,,,15,16,23
N2_PD1073,CTRL-H2O,0,DRISCOLL,8/20/18,23,35,15,50,15.4571,0.66275,18,15,18,11,18,21
N2_PD1073,CTRL-H2O,0,LITHGOW,6/29/18,6,35,4,39,14.5714,0.4552,14,12,14,12,17,21
N2_PD1073,CTRL-H2O,0,LITHGOW,6/29/18,17,35,4,39,14.8256,0.55951,14,12,17,12,17,24
N2_PD1073,CTRL-H2O,0,LITHGOW,6/29/18,18,39,1,40,15.1,0.5866,14,14,17,12,17,24
N2_PD1073,CTRL-H2O,0,LITHGOW,7/6/18,6,30,5,35,15.7768,0.64656,17,14,17,14,17,24
N2_PD1073,CTRL-H2O,0,LITHGOW,7/6/18,17,42,2,44,15.0083,0.61975,14,12,17,12,17,28
N2_PD1073,CTRL-H2O,0,LITHGOW,7/6/18,18,41,2,43,15.4259,0.48533,14,14,17,12,17,21
N2_PD1073,CTRL-H2O,0,LITHGOW,7/27/18,6,40,5,45,15.2108,0.50603,14,14,17,12,17,24
N2_PD1073,CTRL-H2O,0,LITHGOW,7/27/18,17,43,0,43,17.093,0.53433,17,17,19,14,19,24
N2_PD1073,CTRL-H2O,0,LITHGOW,7/27/18,18,39,3,42,15.2341,0.4898,14,14,17,14,17,21
N2_PD1073,CTRL-H2O,0,PHILLIPS,6/1/18,2,52,7,59,18.9976,0.55694,19,17,21,14,24,28
N2_PD1073,CTRL-H2O,0,PHILLIPS,6/1/18,5,54,4,58,19.6086,0.53125,19,17,21,17,24,28
N2_PD1073,CTRL-H2O,0,PHILLIPS,6/1/18,9,39,12,51,18.5318,0.57814,19,17,21,17,21,26
N2_PD1073,CTRL-H2O,0,PHILLIPS,6/4/18,2,55,6,61,20.4289,0.67017,21,18,21,16,25,30
N2_PD1073,CTRL-H2O,0,PHILLIPS,6/4/18,5,54,5,59,20.4659,0.57235,21,21,23,16,23,30
N2_PD1073,CTRL-H2O,0,PHILLIPS,6/4/18,9,56,6,62,17.3227,0.62888,18,16,18,14,21,28
N2_PD1073,CTRL-H2O,0,PHILLIPS,7/6/18,2,142,58,200,20.033,0.34447,19,19,21,17,24,28
N2_PD1073,CTRL-H2O,0,PHILLIPS,7/20/18,5,46,4,50,20.3632,0.63717,19,17,24,17,24,31
N2_PD1073,METFORMIN,50000,DRISCOLL,6/8/18,4,35,3,38,23.0286,0.55834,24,21,24,21,24,31
N2_PD1073,METFORMIN,50000,DRISCOLL,6/8/18,16,34,1,35,23.2059,0.6592,24,,,21,24,31
N2_PD1073,METFORMIN,50000,DRISCOLL,6/8/18,20,34,1,35,25.6857,0.6217,25,25,28,24,28,31
N2_PD1073,METFORMIN,50000,DRISCOLL,6/8/18,23,35,0,35,24.7143,0.44263,24,24,27,24,27,27
N2_PD1073,METFORMIN,50000,DRISCOLL,6/18/18,4,44,1,45,21.5682,0.60599,22,21,23,18,23,30
N2_PD1073,METFORMIN,50000,DRISCOLL,6/18/18,16,40,0,40,21.25,0.87979,21,17,22,17,24,31
N2_PD1073,METFORMIN,50000,DRISCOLL,6/18/18,20,40,0,40,25.075,0.67879,26,25,27,22,28.5,30
N2_PD1073,METFORMIN,50000,DRISCOLL,6/18/18,23,33,2,35,23.981,0.86414,23,21,25,21,28,32
N2_PD1073,METFORMIN,50000,DRISCOLL,8/8/16,24,35,0,35,20.9429,0.66351,23,21,23,16,23,28
N2_PD1073,METFORMIN,50000,DRISCOLL,8/20/18,4,34,16,50,21.2333,0.7442,24,18,24,18,24,30
N2_PD1073,METFORMIN,50000,DRISCOLL,8/20/18,16,34,16,50,25.4286,0.61423,25,25,28,23,28,32
N2_PD1073,METFORMIN,50000,DRISCOLL,8/20/18,23,35,15,50,20.4,1.15751,21,18,23,15,25,32
N2_PD1073,METFORMIN,50000,LITHGOW,6/29/18,6,37,2,39,16.2973,0.53393,17,14,19,14,19,24
N2_PD1073,METFORMIN,50000,LITHGOW,6/29/18,17,41,1,42,15.8852,0.61007,17,12,17,12,19,28
N2_PD1073,METFORMIN,50000,LITHGOW,6/29/18,18,39,0,39,16.5897,0.76329,17,14,19,14,19,26
N2_PD1073,METFORMIN,50000,LITHGOW,7/6/18,6,36,3,39,16.9947,0.79405,17,14,19,14,19,26
N2_PD1073,METFORMIN,50000,LITHGOW,7/6/18,17,39,4,43,19.5269,1.00529,19,17,24,13,24,31
N2_PD1073,METFORMIN,50000,LITHGOW,7/6/18,18,40,0,40,15.65,0.90904,14,12,17,12,19,28
N2_PD1073,METFORMIN,50000,LITHGOW,7/27/18,6,38,2,40,18.4125,0.75378,19,14,19,14,21,31
N2_PD1073,METFORMIN,50000,LITHGOW,7/27/18,17,40,3,43,20.3435,0.59693,19,19,21,19,24,28
N2_PD1073,METFORMIN,50000,LITHGOW,7/27/18,18,36,4,40,17.5281,0.93187,17,14,21,14,21,28
N2_PD1073,METFORMIN,50000,PHILLIPS,6/1/18,2,47,3,50,23.6766,0.5613,24,24,26,21,26,33
N2_PD1073,METFORMIN,50000,PHILLIPS,6/1/18,5,24,14,38,22.2963,1.00052,24,19,24,19,24,33
N2_PD1073,METFORMIN,50000,PHILLIPS,6/1/18,9,44,4,48,22.7547,0.89155,24,21,26,21,26,33
N2_PD1073,METFORMIN,50000,PHILLIPS,6/4/18,2,44,7,51,24.8836,0.60333,25,25,28,23,28,30
N2_PD1073,METFORMIN,50000,PHILLIPS,6/4/18,5,47,3,50,23.0017,0.73791,23,23,25,21,28,32
N2_PD1073,METFORMIN,50000,PHILLIPS,6/4/18,9,47,4,51,22.0479,0.98534,25,21,25,18,28,30
N2_PD1073,METFORMIN,50000,PHILLIPS,7/6/18,2,170,27,197,25.0444,0.4246,26,24,26,24,28,40
N2_PD1073,METFORMIN,50000,PHILLIPS,7/20/18,5,24,26,50,18.956,0.36696,,19,,17,,24
N2_PD1073,METFORMIN,70000,DRISCOLL,6/8/18,4,36,2,38,23.8409,0.62766,24,21,24,21,28,31
N2_PD1073,METFORMIN,70000,DRISCOLL,6/8/18,16,35,0,35,23.9143,0.61271,24,,,24,25,35
N2_PD1073,METFORMIN,70000,DRISCOLL,6/8/18,20,35,0,35,26.5143,0.48571,25,25,28,25,28,33
N2_PD1073,METFORMIN,70000,DRISCOLL,6/8/18,23,35,0,35,27.0571,0.63371,27,,,24,31,31
N2_PD1073,METFORMIN,70000,DRISCOLL,6/18/18,4,43,2,45,23.4519,0.64793,23,21,24,21,28,32
N2_PD1073,METFORMIN,70000,DRISCOLL,6/18/18,16,39,1,40,25.2308,0.98536,24,22,28,21,31,36
N2_PD1073,METFORMIN,70000,DRISCOLL,6/18/18,20,38,2,40,25.7796,0.70215,25,,,23,28,37
N2_PD1073,METFORMIN,70000,DRISCOLL,6/18/18,23,35,0,35,23.3143,0.92288,23,21,25,21,25,32
N2_PD1073,METFORMIN,70000,DRISCOLL,8/20/18,4,35,15,50,25.6286,0.74257,25,24,28,24,28,35
N2_PD1073,METFORMIN,70000,DRISCOLL,8/20/18,16,34,16,50,28.7941,0.85986,29,28,32,25,32,37
N2_PD1073,METFORMIN,70000,DRISCOLL,8/20/18,23,34,16,50,21.7968,0.7199,23,21,23,18,25,28
N2_PD1073,METFORMIN,70000,LITHGOW,6/29/18,6,29,9,38,17.3147,0.51981,19,17,19,14,19,24
N2_PD1073,METFORMIN,70000,LITHGOW,6/29/18,17,41,3,44,17.6874,0.60946,19,17,19,14,19,26
N2_PD1073,METFORMIN,70000,LITHGOW,6/29/18,18,34,0,34,17.0294,0.81593,17,14,19,14,19,24
N2_PD1073,METFORMIN,70000,LITHGOW,7/6/18,6,35,2,37,20.0239,1.03717,19,17,24,17,26,31
N2_PD1073,METFORMIN,70000,LITHGOW,7/6/18,17,35,9,44,23.4949,1.00671,24,19,28,19,28,31
N2_PD1073,METFORMIN,70000,LITHGOW,7/6/18,18,38,2,40,19.575,1.04437,18,17,21,14,24,33
N2_PD1073,METFORMIN,70000,LITHGOW,7/27/18,6,43,4,47,21.9535,0.851,24,21,24,17,26,33
N2_PD1073,METFORMIN,70000,LITHGOW,7/27/18,17,38,3,41,23.5741,0.72323,24,21,26,19,26,33
N2_PD1073,METFORMIN,70000,LITHGOW,7/27/18,18,40,0,40,20.6,0.90426,21,17,24,17,25,31
N2_PD1073,METFORMIN,70000,PHILLIPS,6/1/18,2,44,5,49,23.635,0.78688,26,24,26,19,26,33
N2_PD1073,METFORMIN,70000,PHILLIPS,6/1/18,5,89,10,99,23.3382,0.7814,24,24,26,19,28,35
N2_PD1073,METFORMIN,70000,PHILLIPS,6/1/18,9,38,2,40,22.9714,0.88457,24,21,26,19,26,33
N2_PD1073,METFORMIN,70000,PHILLIPS,6/4/18,2,47,3,50,24.8659,0.68526,28,25,28,23,28,30
N2_PD1073,METFORMIN,70000,PHILLIPS,6/4/18,9,42,7,49,23.4437,0.81084,25,23,28,21,28,32
N2_PD1073,METFORMIN,70000,PHILLIPS,7/6/18,2,170,30,200,25.6544,0.44397,26,26,28,24,31,38
N2_PD1073,METFORMIN,70000,PHILLIPS,7/20/18,5,40,8,48,23.0464,0.91318,24,19,26,19,28,33
QG834,CTRL-H2O,0,DRISCOLL,3/7/19,16,50,0,50,22.48,0.53318,25,20,25,20,25,27
QG834,CTRL-H2O,0,DRISCOLL,3/7/19,20,47,3,50,25.6031,0.53441,27,25,29,22,29,29
QG834,CTRL-H2O,0,DRISCOLL,3/7/19,23,50,0,50,22.66,0.60041,25,22,25,18,25,29
QG834,CTRL-H2O,0,DRISCOLL,4/2/18,20,33,2,35,23.4886,0.92053,25,18,28,18,28,30
QG834,CTRL-H2O,0,DRISCOLL,4/2/18,23,35,0,35,24.7429,0.61267,25,23,28,21,28,30
QG834,CTRL-H2O,0,DRISCOLL,4/2/18,24,30,5,35,24.4333,1.05338,25,21,28,21,28,35
QG834,CTRL-H2O,0,LITHGOW,4/22/19,7,27,14,41,23.6143,0.9185,23,23,28,21,28,30
QG834,CTRL-H2O,0,LITHGOW,4/22/19,15,27,12,39,23.5994,0.88934,25,23,25,18,28,30
QG834,CTRL-H2O,0,LITHGOW,4/22/19,18,40,5,45,22.3826,0.73682,21,21,25,18,28,30
QG834,CTRL-H2O,0,LITHGOW,5/3/19,7,39,0,39,22.3077,0.58565,21,21,24,19,26,28
QG834,CTRL-H2O,0,LITHGOW,5/3/19,15,38,4,42,23.0199,0.7705,25,21,25,21,25,31
QG834,CTRL-H2O,0,LITHGOW,5/3/19,18,38,5,43,20.5648,0.76448,21,19,24,17,24,31
QG834,CTRL-H2O,0,LITHGOW,7/7/19,7,39,1,40,23.0743,0.64998,24,22,24,22,24,29
QG834,CTRL-H2O,0,LITHGOW,7/7/19,15,36,2,38,23.1284,0.75701,24,22,26,22,26,31
QG834,CTRL-H2O,0,LITHGOW,7/7/19,18,37,3,40,23.9036,0.71824,24,24,26,22,26,31
QG834,CTRL-H2O,0,PHILLIPS,3/15/19,2,16,14,30,25.6639,0.67681,26,24,28,24,28,31
QG834,CTRL-H2O,0,PHILLIPS,3/15/19,5,12,23,35,26.5671,1.04572,28,24,31,24,31,31
QG834,CTRL-H2O,0,PHILLIPS,3/15/19,9,16,19,35,25.7333,0.84908,26,24,26,24,28,35
QG834,CTRL-H2O,0,PHILLIPS,3/22/19,5,18,5,23,26.1645,0.91115,28,24,28,24,28,31
QG834,CTRL-H2O,0,PHILLIPS,3/22/19,9,14,7,21,23.2256,1.29589,24,19,28,19,28,31
QG834,CTRL-H2O,0,PHILLIPS,3/29/19,2,9,3,12,28.0227,1.69776,26,26,35,26,31,35
QG834,CTRL-H2O,0,PHILLIPS,3/29/19,5,7,3,10,29.5397,1.53218,31,19,33,28,33,33
QG834,CTRL-H2O,0,PHILLIPS,3/29/19,9,9,1,10,27.5556,1.14396,28,21,31,26,31,31
QG834,CTRL-H2O,0,PHILLIPS,7/12/19,5,8,11,19,26.9176,1.53514,28,24,31,26,31,31
QG834,CTRL-H2O,0,PHILLIPS,7/12/19,9,13,11,24,25.7114,0.88559,26,,,26,26,31
QG834,METFORMIN,100,DRISCOLL,4/2/18,20,35,0,35,24.8857,0.89421,25,23,28,21,30,32
QG834,METFORMIN,100,DRISCOLL,4/2/18,23,35,0,35,21.2286,0.4972,21,,,21,23,28
QG834,METFORMIN,100,DRISCOLL,4/2/18,24,28,7,35,26.0772,0.95284,28,23,28,23,30,35
QG834,METFORMIN,100,LITHGOW,7/7/19,7,43,0,43,24.7209,0.52229,24,22,26,22,26,31
QG834,METFORMIN,100,LITHGOW,7/7/19,15,34,3,37,24.4118,0.66045,26,22,26,22,26,29
QG834,METFORMIN,100,LITHGOW,7/7/19,18,39,4,43,25.6132,0.58536,26,24,26,24,29,33
QG834,METFORMIN,100,PHILLIPS,7/12/19,5,13,7,20,26.679,1.23975,26,24,31,24,31,33
QG834,METFORMIN,100,PHILLIPS,7/12/19,9,19,7,26,27.1286,1.09413,28,26,31,26,31,33
QG834,METFORMIN,1000,DRISCOLL,4/2/18,20,33,2,35,25.5467,0.8201,28,25,28,23,28,30
QG834,METFORMIN,1000,DRISCOLL,4/2/18,23,35,0,35,23.0286,0.5538,23,21,23,21,25,30
QG834,METFORMIN,1000,DRISCOLL,4/2/18,24,30,5,35,23.297,0.89627,23,21,25,18,28,32
QG834,METFORMIN,1000,LITHGOW,7/7/19,7,34,7,41,25.4118,0.61635,26,24,26,24,29,31
QG834,METFORMIN,1000,LITHGOW,7/7/19,15,33,5,38,23.4844,0.76093,24,22,26,22,26,29
QG834,METFORMIN,1000,LITHGOW,7/7/19,18,28,6,34,23.6682,1.12157,24,22,29,22,29,31
QG834,METFORMIN,1000,PHILLIPS,7/12/19,5,14,6,20,28.3618,1.1011,31,24,31,24,31,33
QG834,METFORMIN,1000,PHILLIPS,7/12/19,9,20,5,25,27.7,0.77494,28,24,31,25,31,35
QG834,METFORMIN,10000,DRISCOLL,4/2/18,20,35,0,35,24.0857,0.69011,25,23,25,23,28,30
QG834,METFORMIN,10000,DRISCOLL,4/2/18,23,33,2,35,21.8857,0.51865,23,21,23,21,25,25
QG834,METFORMIN,10000,DRISCOLL,4/2/18,24,29,6,35,20.531,0.83002,21,18,23,16,23,28
QG834,METFORMIN,10000,LITHGOW,7/7/19,7,31,6,37,24.1613,0.56244,24,22,26,22,26,29
QG834,METFORMIN,10000,LITHGOW,7/7/19,15,39,1,40,23.0275,0.75078,24,22,24,22,26,36
QG834,METFORMIN,10000,LITHGOW,7/7/19,18,34,3,37,22.904,0.86918,22,22,26,19,26,33
QG834,METFORMIN,10000,PHILLIPS,7/12/19,5,22,2,24,24.9414,1.29804,26,24,26,24,28,38
QG834,METFORMIN,10000,PHILLIPS,7/12/19,9,15,10,25,26.5504,1.2744,28,26,31,26,31,31
QG834,METFORMIN,5000,DRISCOLL,4/2/18,20,34,1,35,24.1406,0.65957,25,23,25,21,28,30
QG834,METFORMIN,5000,DRISCOLL,4/2/18,23,35,0,35,20.4571,0.57298,21,18,23,16,23,28
QG834,METFORMIN,5000,DRISCOLL,4/2/18,24,28,7,35,24.2162,1.04099,25,21,28,21,28,32
QG834,METFORMIN,5000,LITHGOW,7/7/19,7,41,1,42,21.6984,0.82288,22,22,24,19,24,29
QG834,METFORMIN,5000,LITHGOW,7/7/19,15,36,4,40,24.2264,0.59847,24,22,26,22,26,33
QG834,METFORMIN,5000,LITHGOW,7/7/19,18,24,18,42,23.4662,0.98785,26,22,26,19,26,31
QG834,METFORMIN,5000,PHILLIPS,7/12/19,5,17,6,23,25.8729,1.51644,26,24,31,24,31,31
QG834,METFORMIN,5000,PHILLIPS,7/12/19,9,18,7,25,27.5966,1.16965,28,24,31,24,31,35
QG834,METFORMIN,50000,DRISCOLL,3/7/19,16,40,10,50,20.5825,0.47258,20,20,22,18,22,25
QG834,METFORMIN,50000,DRISCOLL,3/7/19,20,43,7,50,20.6651,0.63662,20,20,22,18,25,27
QG834,METFORMIN,50000,DRISCOLL,3/7/19,23,45,5,50,19.8851,0.56724,20,20,22,18,22,27
QG834,METFORMIN,50000,LITHGOW,4/22/19,7,32,9,41,21.9428,0.93794,23,18,25,18,25,32
QG834,METFORMIN,50000,LITHGOW,4/22/19,15,37,8,45,23.4738,0.82053,25,21,28,21,28,32
QG834,METFORMIN,50000,LITHGOW,4/22/19,18,40,2,42,21.1341,0.76242,21,18,23,16,25,32
QG834,METFORMIN,50000,LITHGOW,5/3/19,7,41,0,41,20.0732,0.79048,21,19,24,17,24,28
QG834,METFORMIN,50000,LITHGOW,5/3/19,15,41,4,45,21.1951,0.94238,19,17,26,17,26,31
QG834,METFORMIN,50000,LITHGOW,5/3/19,18,42,7,49,20.8833,0.78743,21,19,24,17,24,31
QG834,METFORMIN,50000,PHILLIPS,3/15/19,2,28,5,33,21.4694,0.80264,21,19,24,17,24,28
QG834,METFORMIN,50000,PHILLIPS,3/15/19,5,26,9,35,20.7353,0.57127,21,19,24,19,24,26
QG834,METFORMIN,50000,PHILLIPS,3/15/19,9,27,7,34,21.9277,0.87825,24,21,24,19,26,28
QG834,METFORMIN,50000,PHILLIPS,3/22/19,5,7,17,24,20.0588,0.56506,21,,,21,21,21
QG834,METFORMIN,50000,PHILLIPS,3/22/19,9,17,6,23,23.3478,1.3253,24,21,28,21,28,31
QG834,METFORMIN,50000,PHILLIPS,3/29/19,2,7,5,12,24.25,0.94992,24,21,28,22.5,26,28
QG834,METFORMIN,50000,PHILLIPS,3/29/19,5,10,2,12,24.4747,1.34401,26,19,28,21,28,31
QG834,METFORMIN,50000,PHILLIPS,3/29/19,9,9,2,11,22.5685,1.52701,24,19,26,21,24,28